Workbook

Sheet 01_Dashboard
A1: 공공기관 VDI 월간 점검보고서
A2: Dashboard / 종합 현황
A3: 고객사 | B3: 입력 | C3: 점검월 | D3: 2026-05 | E3: 점검자 | F3: 현우 | G3: 버전 v0.2
A5: 핵심 지표
A6: 인프라 위험 | B6: =COUNTIF('02_Infra_Check'!F:F,"장애") | C6: 인프라 주의 | D6: =COUNTIF('02_Infra_Check'!F:F,"주의") | E6: VDI 위험 | F6: =COUNTIF('03_VDI_Check'!H:H,"장애")
A7: VDI 주의 | B7: =COUNTIF('03_VDI_Check'!H:H,"주의") | C7: 미해결 이슈 | D7: =COUNTIF('04_Management'!G:G,"미해결") | E7: 진행중 이슈 | F7: =COUNTIF('04_Management'!G:G,"진행중")
A9: 종합 상태 | B9: =IF(SUM(B6,D6,F6,D7)>0,"위험",IF(SUM(D6,B7,F7)>0,"주의","정상")) | C9: 월간 요약
A10: 인프라 | B10: =IF(B6>0,"장애",IF(D6>0,"주의","정상")) | C10: 주요 특이사항 | D10: 이번 달 주요 장애/변경/권고사항을 요약 입력
A11: VDI 서비스 | B11: =IF(F6>0,"장애",IF(B7>0,"주의","정상")) | C11: 다음 조치 | D11: 미해결/주의 항목 중심으로 다음 조치 입력
A12: 관리/보안 | B12: =IF(D7>0,"장애",IF(F7>0,"주의","정상")) | C12: 고객 보고 메모 | D12: 고객에게 전달할 요약 문구 입력
A14: 바로가기
A15: → 인프라 점검 | B15: → VDI 점검 | C15: → 관리/이슈

Sheet 02_Infra_Check
A1: 분류 | B1: 대상명 | C1: 점검항목 | D1: 점검기준 | E1: 현재수치(%) | F1: 점검결과 | G1: 조치/비고
A2: vCenter | B2: vCenter Server | C2: 서비스/접속/알람 | D2: Critical 알람 없음 | E2: 0 | F2: =IF(E2="","확인필요",IF(E2>=90,"장애",IF(E2>=80,"주의","정상")))
A3: ESXi | B3: Host-01 | C3: CPU 사용률 | D3: 80% 미만 정상, 90% 이상 장애 | E3: 55 | F3: =IF(E3="","확인필요",IF(E3>=90,"장애",IF(E3>=80,"주의","정상")))
A4: ESXi | B4: Host-02 | C4: Memory 사용률 | D4: 80% 미만 정상, 90% 이상 장애 | E4: 62 | F4: =IF(E4="","확인필요",IF(E4>=90,"장애",IF(E4>=80,"주의","정상")))
A5: Storage | B5: Datastore-01 | C5: 용량 사용률 | D5: 80% 미만 정상, 90% 이상 장애 | E5: 78 | F5: =IF(E5="","확인필요",IF(E5>=90,"장애",IF(E5>=80,"주의","정상")))
A6: Storage | B6: Datastore-02 | C6: 용량 사용률 | D6: 80% 미만 정상, 90% 이상 장애 | E6: 86 | F6: =IF(E6="","확인필요",IF(E6>=90,"장애",IF(E6>=80,"주의","정상")))
A7: Backup | B7: vCenter Config Backup | C7: 백업 성공 여부 | D7: 최근 1개월 내 성공 | E7: 0 | F7: =IF(E7="","확인필요",IF(E7>=90,"장애",IF(E7>=80,"주의","정상")))
A8: Backup | B8: Horizon/Citrix Config | C8: 설정 백업 확인 | D8: 월 1회 백업 확인 | E8: 0 | F8: =IF(E8="","확인필요",IF(E8>=90,"장애",IF(E8>=80,"주의","정상")))

Sheet 03_VDI_Check
A1: 솔루션 | B1: 컴포넌트 | C1: 대상명 | D1: 서비스 상태 | E1: 총 라이선스 | F1: 사용 라이선스 | G1: 사용률 | H1: 점검결과 | I1: 비고
A2: Horizon | B2: Connection Server | C2: CS-01 | D2: Running | E2: 0 | F2: 0 | G2: =IFERROR(F2/E2,0) | H2: =IF(D2="Stopped","장애",IF(G2>=0.9,"장애",IF(G2>=0.8,"주의","정상")))
A3: Horizon | B3: Desktop Pool | C3: 업무망 Pool | D3: Running | E3: 100 | F3: 62 | G3: =IFERROR(F3/E3,0) | H3: =IF(D3="Stopped","장애",IF(G3>=0.9,"장애",IF(G3>=0.8,"주의","정상")))
A4: Horizon | B4: GPU Pool | C4: GPU Pool | D4: Running | E4: 20 | F4: 12 | G4: =IFERROR(F4/E4,0) | H4: =IF(D4="Stopped","장애",IF(G4>=0.9,"장애",IF(G4>=0.8,"주의","정상")))
A5: Citrix | B5: Delivery Controller | C5: DDC-01 | D5: Running | E5: 0 | F5: 0 | G5: =IFERROR(F5/E5,0) | H5: =IF(D5="Stopped","장애",IF(G5>=0.9,"장애",IF(G5>=0.8,"주의","정상")))
A6: Citrix | B6: Machine Catalog | C6: VDI Catalog | D6: Running | E6: 100 | F6: 74 | G6: =IFERROR(F6/E6,0) | H6: =IF(D6="Stopped","장애",IF(G6>=0.9,"장애",IF(G6>=0.8,"주의","정상")))
A7: Citrix | B7: StoreFront/Workspace | C7: SF-01 | D7: Running | E7: 0 | F7: 0 | G7: =IFERROR(F7/E7,0) | H7: =IF(D7="Stopped","장애",IF(G7>=0.9,"장애",IF(G7>=0.8,"주의","정상")))

Sheet 04_Management
A1: No | B1: 구분 | C1: 일자 | D1: 대상 시스템 | E1: 상세 내용 | F1: 조치 내용 | G1: 처리상태 | H1: 담당 | I1: 완료예정/완료일
A2: 1 | B2: 보안 | C2: 2026-05- | D2: 관리자 계정 | E2: 계정/권한 변경 이력 확인 | F2: 변경사항 기록 및 불필요 권한 회수 | G2: 진행중 | H2: 현우
A3: 2 | B3: 변경 | C3: 2026-05- | D3: VDI Pool | E3: Windows 11 업데이트/Recompose 계획 | F3: 테스트 VM 검증 후 일정 수립 | G3: 미해결 | H3: 현우
A4: 3 | B4: 이슈 | C4: 2026-05- | D4: 지역센터 IP | E4: IP 관리 체계 수립 필요 | F4: 대역 현황 파악 및 관리방안 수립 | G4: 미해결 | H4: 현우
A5: 4 | B5: 장애 | C5: 2026-05- | G5: 완료 | H5: 현우
A6: 5
A7: 6
A8: 7
A9: 8
A10: 9
A11: 10
A12: 11
A13: 12
A14: 13
A15: 14
